{"loss":{"0":1.1245030165,"1":0.4929841161,"2":0.3647711873,"3":0.302185744,"4":0.2036096305,"5":0.1269886792,"6":0.079875201,"7":0.0548103303,"8":0.035370823,"9":0.032920938,"10":0.0316006877,"11":0.0323774852,"12":0.0537602901,"13":0.0590546951,"14":0.0585213639,"15":0.0606249943,"16":0.114516966,"17":0.1008440778,"18":0.4523215592,"19":0.282951057,"20":0.260496825,"21":0.1724197268,"22":0.1420759857,"23":0.0835421383,"24":0.043818336},"accuracy":{"0":0.5168269277,"1":0.7331730723,"2":0.7908653617,"3":0.8581730723,"4":0.9206730723,"5":0.961538434,"6":0.9783653617,"7":0.987980783,"8":0.9951922894,"9":0.9903846383,"10":0.9951922894,"11":0.9903846383,"12":0.9783653617,"13":0.9855769277,"14":0.9855769277,"15":0.980769217,"16":0.9471153617,"17":0.9639422894,"18":0.8293269277,"19":0.8653846383,"20":0.8894230723,"21":0.9278846383,"22":0.9471153617,"23":0.96875,"24":0.9903846383},"val_loss":{"0":0.6151500344,"1":0.508266151,"2":0.5254751444,"3":0.4843760729,"4":0.5112187266,"5":0.5278598666,"6":0.5936663151,"7":0.6384891868,"8":0.6919045448,"9":0.7162444592,"10":0.74182868,"11":0.8646410108,"12":0.7655743957,"13":0.9134745598,"14":1.2617694139,"15":1.7323335409,"16":1.9665285349,"17":2.8732612133,"18":1.6436414719,"19":0.5853620172,"20":0.8792724013,"21":0.950543344,"22":0.8626148105,"23":1.0633620024,"24":1.2891746759},"val_accuracy":{"0":0.6197916865,"1":0.703125,"2":0.6458333135,"3":0.7083333135,"4":0.7083333135,"5":0.7135416865,"6":0.7135416865,"7":0.7291666865,"8":0.7135416865,"9":0.734375,"10":0.7083333135,"11":0.7135416865,"12":0.7135416865,"13":0.7135416865,"14":0.6875,"15":0.6822916865,"16":0.6666666865,"17":0.6458333135,"18":0.6302083135,"19":0.6822916865,"20":0.6979166865,"21":0.7083333135,"22":0.6822916865,"23":0.7083333135,"24":0.734375}}