{"loss":{"0":0.0,"1":0.0,"2":0.0,"3":0.0,"4":0.0,"5":0.0,"6":0.0,"7":0.0,"8":0.0,"9":0.0,"10":0.0,"11":0.0,"12":0.0,"13":0.0,"14":0.0,"15":0.0,"16":null,"17":null,"18":null,"19":null,"20":null,"21":null,"22":null,"23":null,"24":null},"accuracy":{"0":0.3333333433,"1":0.3333333433,"2":0.3333333433,"3":0.3333333433,"4":0.3333333433,"5":0.3333333433,"6":0.3333333433,"7":0.3333333433,"8":0.3333333433,"9":0.3333333433,"10":0.3333333433,"11":0.3333333433,"12":0.3333333433,"13":0.3333333433,"14":0.3333333433,"15":0.3333333433,"16":0.3666666746,"17":0.3333333433,"18":0.3333333433,"19":0.3333333433,"20":0.3333333433,"21":0.3333333433,"22":0.3333333433,"23":0.3333333433,"24":0.3333333433},"val_loss":{"0":0.0,"1":0.0,"2":0.0,"3":0.0,"4":0.0,"5":0.0,"6":0.0,"7":0.0,"8":0.0,"9":0.0,"10":0.0,"11":0.0,"12":0.0,"13":0.0,"14":0.0,"15":0.0,"16":null,"17":null,"18":null,"19":null,"20":null,"21":null,"22":null,"23":null,"24":null},"val_accuracy":{"0":0.3333333433,"1":0.3333333433,"2":0.3333333433,"3":0.3333333433,"4":0.3333333433,"5":0.3333333433,"6":0.3333333433,"7":0.3333333433,"8":0.3333333433,"9":0.3333333433,"10":0.3333333433,"11":0.3333333433,"12":0.3333333433,"13":0.3333333433,"14":0.3333333433,"15":0.3333333433,"16":0.3333333433,"17":0.3333333433,"18":0.3333333433,"19":0.3333333433,"20":0.3333333433,"21":0.3333333433,"22":0.3333333433,"23":0.3333333433,"24":0.3333333433}}