{"loss":{"0":0.4190940559,"1":0.1759095788,"2":0.1075565442,"3":0.0964315236,"4":0.0902414843,"5":0.0745254159,"6":0.0689435378,"7":0.0571076646,"8":0.0664449036,"9":0.0592323467,"10":0.0703452453,"11":0.0578162633,"12":0.0560399815,"13":0.0519722998,"14":0.0586442836,"15":0.0505958162,"16":0.0478510186,"17":0.0492103137},"accuracy":{"0":0.8346657157,"1":0.945130825,"2":0.9651162624,"3":0.976744175,"4":0.9771075845,"5":0.981104672,"6":0.9858284593,"7":0.9912790656,"8":0.9861918688,"9":0.987645328,"10":0.9854651093,"11":0.9890988469,"12":0.9883720875,"13":0.9934592843,"14":0.9927325845,"15":0.9909157157,"16":0.992369175,"17":0.9930959344},"val_loss":{"0":0.05423728,"1":0.0312139504,"2":0.0325656645,"3":0.0288066268,"4":0.0207186732,"5":0.0169587787,"6":0.0119460113,"7":0.0199786685,"8":0.0123447319,"9":0.0152761079,"10":0.0098681217,"11":0.0079036858,"12":0.0043902379,"13":0.0104715917,"14":0.005150036,"15":0.0126138423,"16":0.0112891728,"17":0.0116474638},"val_accuracy":{"0":0.975961566,"1":0.9903846383,"2":0.9903846383,"3":0.9903846383,"4":0.9975961447,"5":0.9975961447,"6":0.9975961447,"7":0.9975961447,"8":0.9951922894,"9":0.9951922894,"10":0.9951922894,"11":0.9975961447,"12":0.9951922894,"13":0.9951922894,"14":0.9975961447,"15":0.9951922894,"16":0.9951922894,"17":0.9951922894}}