{"loss":{"0":0.6190109253,"1":0.3134652376,"2":0.2003300637,"3":0.1498433799,"4":0.0996731147,"5":0.0691645816,"6":0.0642307103,"7":0.0567674153,"8":0.0406983122,"9":0.0500502214,"10":0.0405316502,"11":0.0353641137,"12":0.0303155798,"13":0.0249269847,"14":0.0307143927,"15":0.0243574996,"16":0.0346699022,"17":0.0249937791,"18":0.0247441232,"19":0.021283716,"20":0.0234788097,"21":0.0216331538},"accuracy":{"0":0.6646075845,"1":0.8742732406,"2":0.929869175,"3":0.9484011531,"4":0.9683866501,"5":0.9752907157,"6":0.9723837376,"7":0.9781976938,"8":0.9821947813,"9":0.9742006063,"10":0.9829215407,"11":0.9818313718,"12":0.9887354374,"13":0.9883720875,"14":0.9851017594,"15":0.9890988469,"16":0.9825581312,"17":0.9960029125,"18":0.9934592843,"19":0.9945493937,"20":0.9949128032,"21":0.9956395626},"val_loss":{"0":0.2860566974,"1":0.1041677669,"2":0.0581332296,"3":0.0606591962,"4":0.0529637262,"5":0.0366389602,"6":0.0374502912,"7":0.0456516072,"8":0.0310261156,"9":0.0314032026,"10":0.0362399407,"11":0.0344456099,"12":0.0396442041,"13":0.0299751591,"14":0.0310250539,"15":0.0275306404,"16":0.0240559056,"17":0.0256334841,"18":0.027912369,"19":0.026705388,"20":0.0588454865,"21":0.0290597305},"val_accuracy":{"0":0.9206730723,"1":0.9639422894,"2":0.9783653617,"3":0.975961566,"4":0.975961566,"5":0.9831730723,"6":0.9831730723,"7":0.9831730723,"8":0.987980783,"9":0.9903846383,"10":0.987980783,"11":0.9855769277,"12":0.9831730723,"13":0.9951922894,"14":0.9951922894,"15":0.992788434,"16":0.992788434,"17":0.9903846383,"18":0.9903846383,"19":0.9903846383,"20":0.9855769277,"21":0.9903846383}}